<?xml version="1.0" encoding="UTF-8" standalone="yes"?>
<addon id="script.xxxodus.artwork"
			 name="XXX-O-DUS ArtWork"
			 version="5.00.000"
	     provider-name="Originally By : Echo Coder :: Revived By @Nemzzy668 :: Hacked by TrickBit">

	<requires>
	</requires>
	<extension point="xbmc.python.module" library="lib" />
	<extension point="xbmc.addon.metadata">
		<summary>Artwork for XXXODUS</summary>
		<description>Artwork for XXX-O-DUS is maintained separately to make distribution of the the addon itself easier/faster.
		</description>
		<platform>all</platform>
	</extension>
</addon>
